Label,Symmetry Number,Number of optical isomers,Symmetry Group,Rotational constant (cm-1),"Calculated Frequencies (unscaled and prior to projection, cm^-1)",Electronic energy (J/mol),"E0 (electronic energy + ZPE, J/mol)",E0 with atom and bond corrections (J/mol),Atom XYZ coordinates (angstrom),T1 diagnostic,D1 diagnostic
C3-SO3-HIR,1,2,C1,"0.03, 0.02, 0.02","53.9, 61.7, 97.3, 134.1, 163.5, 185.6, 217.6, 235.5, 259.7, 289.9, 308.5, 310.9, 334.8, 356.1, 374.5, 416.6, 466.3, 503.2, 513.1, 549.7, 594.0, 630.1, 662.8, 675.9, 782.5, 887.8, 999.1, 1118.7, 1149.0, 1214.0, 1264.2, 1282.8, 1297.5, 1324.7, 1331.2, 1361.3, 1432.8, 1505.6, 3822.4",-3774462305.704286,-3774290247.1701264,-745430082.5235447,"C    -0.924345    -0.701511    -0.531498, C    -1.67754    0.605131    -0.918842, F    -2.644025    0.301925    -1.776614, F    -0.843634    1.459488    -1.499017, F    -2.214131    1.173457    0.153096, C    0.129048    -0.601415    0.617708, F    0.733116    -1.797907    0.701522, F    -0.485785    -0.344967    1.768982, S    1.495643    0.665336    0.400435, O    2.142713    0.389993    -0.850651, O    0.971603    1.940101    0.770323, O    2.439952    0.189668    1.603936, F    -1.840334    -1.594495    -0.120904, F    -0.32025    -1.17541    -1.626488, H    3.037969    -0.509393    1.308013",,
